design,model,setting,reps,n_train,n_cal,K1,sd_assess,cov_assess,width_assess,sd_hcp,cov_hcp,width_hcp,share_hcp_finite
manuscript splits,box count (1),in-dist: Côté,80,89.35,27.5,5,0.10113433114889087,0.9098055569674106,11.742566723546503,0,1,Inf,0
manuscript splits,box count (1),in-dist: Dubuc,80,82.125,27.9875,5,0.08843379243357066,0.9165188368551992,11.556371649187481,0,1,Inf,0
manuscript splits,box count (1),transfer: Côté->Dubuc,80,100.3125,49.6875,9,0.06680958192140607,0.9086538461538461,11.436023477357132,0.03130335412754395,0.9667832167832168,15.419686282318025,1
manuscript splits,box count (1),transfer: Dubuc->Côté,80,99.3875,43.6125,8,0.045960907990281706,0.8913333333333333,11.501202627193017,0,1,Inf,0
manuscript splits,sensor (22),in-dist: Côté,80,89.35,27.5,5,0.09838874212446767,0.9003623293246721,15.325826666666666,0,1,Inf,0
manuscript splits,sensor (22),in-dist: Dubuc,80,82.125,27.9875,5,0.07876427787655813,0.9076259294378866,20.37153916666667,0,1,Inf,0
manuscript splits,sensor (22),transfer: Côté->Dubuc,80,100.3125,49.6875,9,0.06602295499389796,0.7030594405594406,14.159464583333332,0.0645859534629676,0.902534965034965,21.736675416666667,1
manuscript splits,sensor (22),transfer: Dubuc->Côté,80,99.3875,43.6125,8,0.010572567533363804,0.9870833333333333,19.903528333333337,0,1,Inf,0
enlarged calibration,box count (1),in-dist: Côté,80,55.85,61,11,0.0743384527201591,0.9321060374601943,11.445875531009019,0.0449547601762658,0.966687491742787,14.579653460191306,1
enlarged calibration,box count (1),in-dist: Dubuc,80,54.975,55.1375,10,0.07016426945356112,0.9258743593985018,11.861533308694392,0.028922941887569876,0.985519561827776,16.114663908758207,1
enlarged calibration,box count (1),transfer: Côté->Dubuc,80,88.8375,61.1625,11,0.05679776769475558,0.9142482517482518,11.340990261556753,0.029686414897609564,0.9541083916083917,14.299357972847876,1
enlarged calibration,box count (1),transfer: Dubuc->Côté,80,83,60,11,0.03652985600501099,0.8831666666666667,11.110181138821652,0.02541235178148816,0.9355833333333333,13.854313145628339,1
enlarged calibration,sensor (22),in-dist: Côté,80,55.85,61,11,0.06922317276484186,0.9032985336213647,15.436627083333333,0.03723434754850537,0.9674627492737076,20.908189999999998,1
enlarged calibration,sensor (22),in-dist: Dubuc,80,54.975,55.1375,10,0.0719245474598766,0.9069741401421577,21.84534,0.03272742215417177,0.981255911861548,30.67718625,1
enlarged calibration,sensor (22),transfer: Côté->Dubuc,80,88.8375,61.1625,11,0.055392518948265274,0.7111888111888112,14.439217499999998,0.060800879557065944,0.8523601398601398,19.717571250000002,1
enlarged calibration,sensor (22),transfer: Dubuc->Côté,80,83,60,11,0.010187759125814946,0.98425,20.062010833333332,0.004003338972090324,0.99575,25.008491666666664,1
